csa.hood.name,mapla.region.slug,date,confirmed.cases,population,case.rate.100k,days.since.50.cases,days.since.100.cases.per.100k
Acton,antelope-valley,2020-05-27,0,7971,0,,36
Adams-Normandie,south-la,2020-05-27,0,8202,0,,54
Agoura Hills,santa-monica-mountains,2020-05-27,0,20883,0,,43
Agua Dulce,northwest-county,2020-05-27,0,4158,0,,6
Alhambra,san-gabriel-valley,2020-05-27,0,86724,0,36,24
Alsace,south-la,2020-05-27,0,12445,0,,36
Altadena,verdugos,2020-05-27,0,43620,0,36,38
Anaverde,antelope-valley,2020-05-27,0,1508,0,,
Angeles National Forest,angeles-forest,2020-05-27,0,1245,0,,
Angelino Heights,central-la,2020-05-27,0,2502,0,,35
Arcadia,san-gabriel-valley,2020-05-27,0,65735,0,22,14
Arleta,san-fernando-valley,2020-05-27,0,34370,0,37,41
Artesia,southeast,2020-05-27,0,16795,0,,14
Athens Village,south-la,2020-05-27,0,4897,0,,49
Athens-Westmont,south-la,2020-05-27,0,42442,0,37,39
Atwater Village,northeast-la,2020-05-27,0,14666,0,,37
Avalon,harbor,2020-05-27,0,3723,0,,
Avocado Heights,san-gabriel-valley,2020-05-27,0,6775,0,,35
Azusa,san-gabriel-valley,2020-05-27,0,65963,0,34,30
Baldwin Hills,south-la,2020-05-27,0,31125,0,33,44
Baldwin Park,san-gabriel-valley,2020-05-27,0,76769,0,36,29
Bandini Islands,southeast,2020-05-08,0,0,NaN,,
Bassett,san-gabriel-valley,2020-05-27,0,14817,0,8,37
Bel Air,westside,2020-05-27,0,8429,0,,59
Bell,southeast,2020-05-27,0,36332,0,43,46
Bell Gardens,southeast,2020-05-27,0,43071,0,39,40
Bellflower,southeast,2020-05-27,0,77735,0,46,36
Beverly Crest,westside,2020-05-27,0,12525,0,,61
Beverly Hills,westside,2020-05-27,0,34520,0,54,57
Beverlywood,westside,2020-05-27,0,13173,0,,56
Bouquet Canyon,northwest-county,2020-05-27,0,1073,0,,
Boyle Heights,eastside,2020-05-27,0,86884,0,47,37
Boyle Heights*,,2020-05-25,571,,,0,
Bradbury,san-gabriel-valley,2020-05-27,0,1177,0,,18
Brentwood,westside,2020-05-27,0,30955,0,49,60
Brookside,central-la,2020-05-27,0,581,0,,
Burbank,san-fernando-valley,2020-05-27,0,107180,0,54,43
Cadillac-Corning,central-la,2020-05-27,0,7121,0,,40
Calabasas,santa-monica-mountains,2020-05-27,0,24323,0,11,44
Canoga Park,san-fernando-valley,2020-05-27,0,65289,0,49,46
Canyon Country,northwest-county,2020-05-27,0,7728,0,,52
Carson,harbor,2020-05-27,0,93846,0,55,50
Carthay,central-la,2020-05-27,0,14363,0,37,58
Castaic,northwest-county,2020-05-27,0,27191,0,19,19
Castaic*,,2020-05-25,316,,,0,
Central,south-la,2020-05-27,0,38992,0,42,46
Century City,westside,2020-05-27,0,12792,0,,57
Century Palms/Cove,south-la,2020-05-27,0,33766,0,36,39
Cerritos,southeast,2020-05-27,0,50654,0,28,26
Charter Oak,san-gabriel-valley,2020-05-27,0,0,NaN,,
Chatsworth,san-fernando-valley,2020-05-27,0,37061,0,36,42
Cheviot Hills,westside,2020-05-27,0,9171,0,,54
Chinatown,central-la,2020-05-27,0,8021,0,,31
Claremont,pomona-valley,2020-05-27,0,37186,0,,
Cloverdale/Cochran,central-la,2020-05-27,0,14553,0,11,37
Commerce,southeast,2020-05-27,0,13069,0,1,21
Compton,southeast,2020-05-27,0,99904,0,47,37
Country Club Park,central-la,2020-05-27,0,15153,0,35,49
Covina,san-gabriel-valley,2020-05-27,0,65851,0,46,42
Covina (Charter Oak),san-gabriel-valley,2020-05-27,0,13144,0,,26
Crenshaw District,south-la,2020-05-27,0,13829,0,22,46
Crestview,westside,2020-05-27,0,11368,0,37,58
Cudahy,southeast,2020-05-27,0,24347,0,34,41
Culver City,westside,2020-05-27,0,39865,0,33,37
Del Aire,south-bay,2020-05-27,0,4393,0,,51
Del Rey,westside,2020-05-27,0,30254,0,26,47
Del Sur,antelope-valley,2020-05-27,0,2415,0,,32
Desert View Highlands,antelope-valley,2020-05-27,0,2493,0,,28
Diamond Bar,san-gabriel-valley,2020-05-27,0,57515,0,8,
Downey,southeast,2020-05-27,0,114263,0,53,40
Downtown,central-la,2020-05-27,0,27507,0,31,40
Downtown*,,2020-05-25,127,,,0,
Duarte,san-gabriel-valley,2020-05-27,0,26444,0,35,38
Eagle Rock,northeast-la,2020-05-27,0,39589,0,40,43
East Covina,san-gabriel-valley,2020-05-27,0,329,0,,
East Hollywood,central-la,2020-05-27,0,29287,0,43,47
East La Mirada,san-gabriel-valley,2020-05-27,0,5292,0,,40
East Lancaster,antelope-valley,2020-05-27,0,114,0,,
East Los Angeles,eastside,2020-05-27,0,125269,0,51,39
East Pasadena,verdugos,2020-05-27,0,6403,0,,
East Rancho Dominguez,southeast,2020-05-27,0,15308,0,,34
East Whittier,san-gabriel-valley,2020-05-27,0,5306,0,,15
Echo Park,central-la,2020-05-27,0,14256,0,,34
El Camino Village,south-bay,2020-05-27,0,8791,0,,28
El Monte,san-gabriel-valley,2020-05-27,0,117414,0,39,32
El Segundo,south-bay,2020-05-27,0,16786,0,,37
El Sereno,eastside,2020-05-27,0,41808,0,39,42
Elizabeth Lake,antelope-valley,2020-05-27,0,1661,0,,14
Elysian Park,central-la,2020-05-27,0,5712,0,,39
Elysian Valley,central-la,2020-05-27,0,10171,0,1,37
Encino,san-fernando-valley,2020-05-27,0,45172,0,45,47
Exposition,south-la,2020-05-27,0,3326,0,,28
Exposition Park,south-la,2020-05-27,0,44917,0,43,46
Faircrest Heights,central-la,2020-05-27,0,3600,0,,21
Figueroa Park Square,south-la,2020-05-27,0,8721,0,,42
Florence-Firestone,south-la,2020-05-27,0,112150,0,53,43
Franklin Canyon,westside,2020-05-27,0,0,NaN,,
Gardena,south-bay,2020-05-27,0,61310,0,47,46
Glassell Park,northeast-la,2020-05-27,0,31604,0,47,51
Glendale,verdugos,2020-05-27,0,206493,0,58,47
Glendora,san-gabriel-valley,2020-05-27,0,53424,0,22,21
Gramercy Place,south-la,2020-05-27,0,10764,0,11,42
Granada Hills,san-fernando-valley,2020-05-27,0,58191,0,42,39
Green Meadows,south-la,2020-05-27,0,21505,0,29,39
Hacienda Heights,san-gabriel-valley,2020-05-27,0,55926,0,26,23
Hancock Park,central-la,2020-05-27,0,17039,0,43,59
Harbor City,harbor,2020-05-27,0,29070,0,25,37
Harbor Gateway,harbor,2020-05-27,0,43600,0,34,36
Harbor Pines,harbor,2020-05-27,0,2409,0,,18
Harvard Heights,central-la,2020-05-27,0,18035,0,30,45
Harvard Park,south-la,2020-05-27,0,37935,0,37,39
Hawaiian Gardens,harbor,2020-05-27,0,14676,0,,15
Hawthorne,south-bay,2020-05-27,0,91301,0,49,39
Hermosa Beach,south-bay,2020-05-27,0,19670,0,,37
Hi Vista,antelope-valley,2020-05-27,0,1098,0,,
Hidden Hills,santa-monica-mountains,2020-05-27,0,1890,0,,
Highland Park,northeast-la,2020-05-27,0,48391,0,37,37
Historic Filipinotown,central-la,2020-05-27,0,13870,0,32,47
Hollywood,central-la,2020-05-27,0,68254,0,57,55
Hollywood Hills,central-la,2020-05-27,0,29434,0,38,56
Huntington Park,southeast,2020-05-27,0,59484,0,40,37
Hyde Park,south-la,2020-05-27,0,28541,0,30,39
Industry,san-gabriel-valley,2020-05-27,0,437,0,,32
Inglewood,south-bay,2020-05-27,0,113582,0,54,45
Irwindale,san-gabriel-valley,2020-05-27,0,1459,0,,32
Jefferson Park,south-la,2020-05-27,0,8073,0,,33
Kagel/Lopez Canyons,angeles-forest,2020-05-27,0,1412,0,,16
Koreatown,central-la,2020-05-27,0,51693,0,46,43
La Canada Flintridge,verdugos,2020-05-27,0,20693,0,,44
La Crescenta-Montrose,verdugos,2020-05-27,0,19801,0,,15
La Habra Heights,san-gabriel-valley,2020-05-27,0,5455,0,,15
La Mirada,southeast,2020-05-27,0,49599,0,30,30
La Puente,san-gabriel-valley,2020-05-27,0,40697,0,19,26
La Rambla,harbor,2020-05-27,0,2075,0,,45
La Verne,pomona-valley,2020-05-27,0,35322,0,,
Ladera Heights,westside,2020-05-27,0,7071,0,,53
Lafayette Square,central-la,2020-05-27,0,4559,0,,52
Lake Balboa,san-fernando-valley,2020-05-27,0,42206,0,37,40
Lake Hughes,northwest-county,2020-05-27,0,668,0,,6
Lake Los Angeles,antelope-valley,2020-05-27,0,12994,0,,35
Lake Manor,san-fernando-valley,2020-05-27,0,1643,0,,32
Lakeview Terrace,san-fernando-valley,2020-05-27,0,13133,0,28,50
Lakewood,harbor,2020-05-27,0,80362,0,37,26
Lancaster,antelope-valley,2020-05-27,0,161570,0,52,36
Lancaster*,,2020-05-25,538,,,0,
Lawndale,south-bay,2020-05-27,0,33614,0,32,39
Leimert Park,south-la,2020-05-27,0,15235,0,6,52
Lennox,south-bay,2020-05-27,0,22542,0,24,37
Leona Valley,antelope-valley,2020-05-27,0,1751,0,,14
Lincoln Heights,eastside,2020-05-27,0,32597,0,33,36
Little Armenia,central-la,2020-05-27,0,8025,0,41,54
Little Bangladesh,central-la,2020-05-27,0,28343,0,36,46
Little Tokyo,central-la,2020-05-27,0,3133,0,,33
Littlerock,antelope-valley,2020-05-27,0,4021,0,,28
Littlerock/Juniper Hills,antelope-valley,2020-05-27,0,1297,0,,15
Littlerock/Pearblossom,antelope-valley,2020-05-27,0,3569,0,,34
Llano,antelope-valley,2020-05-27,0,877,0,,32
Lomita,south-bay,2020-05-27,0,20729,0,1,45
Long Beach,harbor,2020-05-27,0,467354,0,61,36
Longwood,central-la,2020-05-27,0,4304,0,,39
Los Feliz,central-la,2020-05-27,0,21608,0,,39
Lynwood,southeast,2020-05-27,0,72047,0,49,44
Lynwood*,,2020-05-25,474,,,0,
Malibu,santa-monica-mountains,2020-05-27,0,12961,0,,47
Manchester Square,south-la,2020-05-27,0,8536,0,,35
Mandeville Canyon,westside,2020-05-27,0,3124,0,,
Manhattan Beach,south-bay,2020-05-27,0,35999,0,50,57
Mar Vista,westside,2020-05-27,0,42471,0,32,37
Marina del Rey,westside,2020-05-27,0,9411,0,,34
Marina Peninsula,westside,2020-05-27,0,4360,0,,56
Maywood,southeast,2020-05-27,0,28049,0,33,41
Melrose,central-la,2020-05-27,0,77696,0,60,58
Mid-city,central-la,2020-05-27,0,15030,0,4,54
Miracle Mile,central-la,2020-05-27,0,17985,0,,50
Mission Hills,san-fernando-valley,2020-05-27,0,24124,0,34,42
Monrovia,san-gabriel-valley,2020-05-27,0,42681,0,28,30
Montebello,southeast,2020-05-27,0,64375,0,45,41
Monterey Park,san-gabriel-valley,2020-05-27,0,62262,0,35,32
Mt. Washington,northeast-la,2020-05-27,0,24145,0,26,36
Newhall,northwest-county,2020-05-27,0,0,NaN,,4
North Hills,san-fernando-valley,2020-05-27,0,61575,0,43,39
North Hollywood,san-fernando-valley,2020-05-27,0,151421,0,55,40
North Lancaster,antelope-valley,2020-05-27,0,1198,0,,28
North Whittier,san-gabriel-valley,2020-05-27,0,8360,0,,9
Northeast San Gabriel,san-gabriel-valley,2020-05-27,0,24036,0,,11
Northridge,san-fernando-valley,2020-05-27,0,69797,0,43,39
Norwalk,southeast,2020-05-27,0,107622,0,51,37
Pacific Palisades,westside,2020-05-27,0,21291,0,1,57
Pacoima,san-fernando-valley,2020-05-27,0,76979,0,46,39
Padua Hills,pomona-valley,2020-04-07,0,0,NaN,,
Palisades Highlands,westside,2020-05-27,0,3846,0,,
Palmdale,antelope-valley,2020-05-27,0,159810,0,50,37
Palms,westside,2020-05-27,0,43877,0,49,51
Palos Verdes Estates,south-bay,2020-05-27,0,13522,0,,60
Palos Verdes Peninsula,south-bay,2020-05-27,0,621,0,,
Panorama City,san-fernando-valley,2020-05-27,0,75250,0,49,42
Paramount,southeast,2020-05-27,0,56023,0,40,39
Park La Brea,central-la,2020-05-27,0,13580,0,,13
Pasadena,verdugos,2020-05-27,0,138101,0,54,44
Pearblossom/Llano,antelope-valley,2020-05-27,0,1956,0,,32
Pellissier Village,san-gabriel-valley,2020-05-27,0,619,0,,1
Pico Rivera,southeast,2020-05-27,0,64284,0,47,42
Pico-Union,central-la,2020-05-27,0,41842,0,44,47
Placerita Canyon,angeles-forest,2020-05-27,0,460,0,,
Playa Del Rey,south-bay,2020-05-27,0,3196,0,,
Playa Vista,westside,2020-05-27,0,10947,0,,41
Pomona,pomona-valley,2020-05-27,0,157869,0,43,28
Porter Ranch,san-fernando-valley,2020-05-27,0,35588,0,31,38
Quartz Hill,antelope-valley,2020-05-27,0,12906,0,,42
Rancho Dominguez,harbor,2020-05-27,0,2661,0,,47
Rancho Palos Verdes,south-bay,2020-05-27,0,42747,0,36,43
Rancho Park,westside,2020-05-27,0,6560,0,,52
Redondo Beach,south-bay,2020-05-27,0,68697,0,56,49
Regent Square,central-la,2020-05-27,0,2780,0,,26
Reseda,san-fernando-valley,2020-05-27,0,76617,0,49,43
Reseda Ranch,san-fernando-valley,2020-05-27,0,4636,0,,49
Reynier Village,central-la,2020-05-27,0,4228,0,,49
Rolling Hills,south-bay,2020-05-27,0,1940,0,,26
Rolling Hills Estates,south-bay,2020-05-27,0,8113,0,,47
Roosevelt,antelope-valley,2020-05-27,0,931,0,,4
Rosemead,san-gabriel-valley,2020-05-27,0,55350,0,19,15
Rosewood,southeast,2020-05-27,0,1286,0,,32
Rosewood/East Gardena,southeast,2020-05-27,0,1193,0,,
Rosewood/West Rancho Dominguez,southeast,2020-05-27,0,3361,0,,34
Rowland Heights,san-gabriel-valley,2020-05-27,0,51022,0,26,26
San Clemente Island,,2020-05-27,0,0,NaN,,
San Dimas,san-gabriel-valley,2020-05-27,0,34516,0,,16
San Fernando,san-fernando-valley,2020-05-27,0,24612,0,35,43
San Francisquito Canyon/Bouquet Canyon,northwest-county,2020-05-27,0,0,NaN,,
San Gabriel,san-gabriel-valley,2020-05-27,0,40954,0,16,20
San Jose Hills,san-gabriel-valley,2020-05-27,0,20221,0,4,26
San Marino,san-gabriel-valley,2020-05-27,0,13277,0,,18
San Pasqual,san-gabriel-valley,2020-05-27,0,2035,0,,
San Pedro,harbor,2020-05-27,0,78038,0,44,37
San Pedro*,,2020-05-25,843,,,0,
Sand Canyon,angeles-forest,2020-05-27,0,0,NaN,,
Santa Catalina Island,harbor,2020-05-27,0,267,0,,32
Santa Clarita,northwest-county,2020-05-27,0,220424,0,56,37
Santa Fe Springs,southeast,2020-05-27,0,18364,0,3,26
Santa Monica,westside,2020-05-27,0,92446,0,56,43
Santa Monica Mountains,santa-monica-mountains,2020-05-27,0,18621,0,,21
Saugus,northwest-county,2020-05-27,0,155,0,,32
Saugus/Canyon Country,northwest-county,2020-05-27,0,356,0,,
Shadow Hills,san-fernando-valley,2020-05-27,0,4442,0,,55
Sherman Oaks,san-fernando-valley,2020-05-27,0,87254,0,53,39
Sierra Madre,san-gabriel-valley,2020-05-27,0,10989,0,,
Signal Hill,harbor,2020-05-27,0,11797,0,,15
Silverlake,central-la,2020-05-27,0,44083,0,52,53
South Antelope Valley,antelope-valley,2020-05-27,0,455,0,,5
South Carthay,central-la,2020-05-27,0,10595,0,,55
South Edwards,antelope-valley,2020-05-08,0,0,NaN,,
South El Monte,san-gabriel-valley,2020-05-27,0,22680,0,13,30
South Gate,southeast,2020-05-27,0,98155,0,52,43
South Park,south-la,2020-05-27,0,37961,0,39,46
South Pasadena,san-gabriel-valley,2020-05-27,0,26053,0,34,38
South San Gabriel,san-gabriel-valley,2020-05-27,0,8848,0,,28
South Whittier,southeast,2020-05-27,0,59222,0,35,31
Southeast Antelope Valley,antelope-valley,2020-05-27,0,781,0,,
St Elmo Village,central-la,2020-05-27,0,4584,0,,37
Stevenson Ranch,northwest-county,2020-05-27,0,20966,0,,19
Studio City,san-fernando-valley,2020-05-27,0,22440,0,23,39
Sun Valley,san-fernando-valley,2020-05-27,0,52483,0,39,39
Sun Village,antelope-valley,2020-05-27,0,6036,0,,22
Sunland,san-fernando-valley,2020-05-27,0,20408,0,35,49
Sunrise Village,san-gabriel-valley,2020-05-27,0,1296,0,,14
Sycamore Square,central-la,2020-05-27,0,647,0,,26
Sylmar,san-fernando-valley,2020-05-27,0,82398,0,53,49
Sylmar*,,2020-05-25,727,,,0,
Tarzana,san-fernando-valley,2020-05-27,0,30876,0,41,53
Temple City,san-gabriel-valley,2020-05-27,0,36455,0,26,34
Temple-Beaudry,central-la,2020-05-27,0,39482,0,46,47
Thai Town,central-la,2020-05-27,0,9809,0,,46
Toluca Lake,san-fernando-valley,2020-05-27,0,8704,0,,36
Toluca Terrace,san-fernando-valley,2020-05-27,0,1306,0,,30
Toluca Woods,san-fernando-valley,2020-05-27,0,1858,0,,32
Torrance,south-bay,2020-05-27,0,149268,0,57,43
Tujunga,verdugos,2020-05-27,0,27810,0,33,37
Twin Lakes/Oat Mountain,northwest-county,2020-05-27,0,1658,0,,32
Universal City,san-fernando-valley,2020-05-08,0,0,NaN,,
University Hills,eastside,2020-05-27,0,3429,0,,32
University Park,south-la,2020-05-27,0,27456,0,34,42
Val Verde,northwest-county,2020-05-27,0,3309,0,24,32
Valencia,northwest-county,2020-05-27,0,3072,0,,32
Valinda,san-gabriel-valley,2020-05-27,0,23371,0,9,33
Valley Glen,san-fernando-valley,2020-05-27,0,30016,0,36,47
Valley Village,san-fernando-valley,2020-05-27,0,24720,0,37,54
Van Nuys,san-fernando-valley,2020-05-27,0,93194,0,50,42
Venice,westside,2020-05-27,0,33885,0,24,47
Vermont Knolls,south-la,2020-05-27,0,17200,0,30,43
Vermont Square,south-la,2020-05-27,0,7657,0,25,50
Vermont Vista,south-la,2020-05-27,0,41186,0,36,37
Vernon,southeast,2020-05-27,0,209,0,,26
Vernon Central,south-la,2020-05-27,0,51998,0,40,39
Victoria Park,central-la,2020-05-27,0,8399,0,6,53
View Heights,south-la,2020-05-27,0,3694,0,,43
View Park/Windsor Hills,south-la,2020-05-27,0,11635,0,,52
Walnut,san-gabriel-valley,2020-05-27,0,30532,0,,11
Walnut Park,southeast,2020-05-27,0,16143,0,22,47
Watts,south-la,2020-05-27,0,42674,0,37,37
Wellington Square,central-la,2020-05-27,0,4915,0,,39
West Adams,south-la,2020-05-27,0,27630,0,43,49
West Antelope Valley,antelope-valley,2020-05-27,0,1511,0,,32
West Carson,harbor,2020-05-27,0,22086,0,33,49
West Chatsworth,san-fernando-valley,2020-05-27,0,0,NaN,,
West Covina,san-gabriel-valley,2020-05-27,0,108235,0,41,30
West Hills,san-fernando-valley,2020-05-27,0,40545,0,26,34
West Hollywood,central-la,2020-05-27,0,36951,0,60,61
West LA,westside,2020-05-27,0,952,0,,54
West Los Angeles,westside,2020-05-27,0,37636,0,33,40
West Puente Valley,san-gabriel-valley,2020-05-27,0,9835,0,,32
West Rancho Dominguez,southeast,2020-05-27,0,1359,0,,32
West Vernon,south-la,2020-05-27,0,53644,0,49,46
West Whittier/Los Nietos,southeast,2020-05-27,0,26925,0,20,32
Westchester,south-bay,2020-05-27,0,51603,0,36,36
Westfield/Academy Hills,south-bay,2020-05-27,0,1300,0,,
Westhills,san-fernando-valley,2020-05-27,0,839,0,,
Westlake,central-la,2020-05-27,0,59355,0,46,44
Westlake Village,santa-monica-mountains,2020-05-27,0,8360,0,,
Westwood,westside,2020-05-27,0,54109,0,25,20
White Fence Farms,antelope-valley,2020-05-27,0,3683,0,,3
Whittier,san-gabriel-valley,2020-05-27,0,91216,0,46,32
Whittier Narrows,san-gabriel-valley,2020-05-27,0,0,NaN,,
Wholesale District,central-la,2020-05-27,0,36129,0,35,37
Wholesale District*,,2020-05-25,602,,,0,
Willowbrook,south-la,2020-05-27,0,34913,0,26,35
Wilmington,harbor,2020-05-27,0,56487,0,37,36
Wilshire Center,central-la,2020-05-27,0,50170,0,42,42
Winnetka,san-fernando-valley,2020-05-27,0,51786,0,43,43
Wiseburn,south-bay,2020-05-27,0,6027,0,,28
Woodland Hills,san-fernando-valley,2020-05-27,0,68055,0,51,44
